[{"id":"user-image-4094770.png","publicUrl":"np://user.desktop.nicepage.com/Site_1422206039/images/4094770.png","size":1672,"hash":"GXLANU49I9GgS7rn6cGl6fFonMs=","fileName":"4094770.png","name":"4094770","width":128,"height":128,"thumbnail":{"url":"np://user.desktop.nicepage.com/Site_1422206039/images/thumbnails/4094770.png","width":128,"height":128,"length":1672,"type":"png"},"folderId":null,"usages":[]},{"id":"user-image-50024.png","publicUrl":"np://user.desktop.nicepage.com/Site_1422206039/images/50024.png","size":3614,"hash":"SukIIBNpyG9EJbmQFLEf6cw9/+s=","fileName":"50024.png","name":"50024","width":128,"height":128,"thumbnail":{"url":"np://user.desktop.nicepage.com/Site_1422206039/images/thumbnails/50024.png","width":128,"height":128,"length":3614,"type":"png"},"folderId":null,"usages":[]},{"id":"user-image-2671033.png","publicUrl":"np://user.desktop.nicepage.com/Site_1422206039/images/2671033.png","size":4881,"hash":"BVfAty0xlETBQGdVzwcE64ggAnk=","fileName":"2671033.png","name":"2671033","width":128,"height":128,"thumbnail":{"url":"np://user.desktop.nicepage.com/Site_1422206039/images/thumbnails/2671033.png","width":128,"height":128,"length":4881,"type":"png"},"folderId":null,"usages":[]},{"id":"user-image-064f582f7fdb4074933af7b653bf224a-free1.png","publicUrl":"np://user.desktop.nicepage.com/Site_1422206039/images/064f582f7fdb4074933af7b653bf224a-free1.png","size":3070,"hash":"5EigcyXft5/GaYyt7YJ+xDMs7/8=","fileName":"064f582f7fdb4074933af7b653bf224a-free1.png","name":"064f582f7fdb4074933af7b653bf224a-free1","width":192,"height":55,"thumbnail":{"url":"np://user.desktop.nicepage.com/Site_1422206039/images/thumbnails/064f582f7fdb4074933af7b653bf224a-free1.png","width":192,"height":55,"length":3070,"type":"png"},"folderId":null,"usages":[]},{"id":"user-image-1045938.png","publicUrl":"np://user.desktop.nicepage.com/Site_1422206039/images/1045938.png","size":3198,"hash":"zCSiazDGZeyzMnEez7NSjMmouB4=","fileName":"1045938.png","name":"1045938","width":128,"height":128,"thumbnail":{"url":"np://user.desktop.nicepage.com/Site_1422206039/images/thumbnails/1045938.png","width":128,"height":128,"length":3198,"type":"png"},"folderId":null,"usages":[]},{"id":"user-image-5638210.png","publicUrl":"np://user.desktop.nicepage.com/Site_1422206039/images/5638210.png","size":1556,"hash":"WA/Gjl2RxbNaGtRNI0/ECYqWuTY=","fileName":"5638210.png","name":"5638210","width":128,"height":128,"thumbnail":{"url":"np://user.desktop.nicepage.com/Site_1422206039/images/thumbnails/5638210.png","width":128,"height":128,"length":1556,"type":"png"},"folderId":null,"usages":["112206742"]},{"id":"user-image-2282272.png","publicUrl":"np://user.desktop.nicepage.com/Site_1422206039/images/2282272.png","size":2175,"hash":"OYmtC4+NZbtjYlKBpI97zjDdPdc=","fileName":"2282272.png","name":"2282272","width":128,"height":128,"thumbnail":{"url":"np://user.desktop.nicepage.com/Site_1422206039/images/thumbnails/2282272.png","width":128,"height":128,"length":2175,"type":"png"},"folderId":null,"usages":[]},{"id":"user-image-4391113.png","publicUrl":"np://user.desktop.nicepage.com/Site_1422206039/images/4391113.png","size":2268,"hash":"D/A34vslMTfWE1+nyvWdHipKM7Q=","fileName":"4391113.png","name":"4391113","width":128,"height":128,"thumbnail":{"url":"np://user.desktop.nicepage.com/Site_1422206039/images/thumbnails/4391113.png","width":128,"height":128,"length":2268,"type":"png"},"folderId":null,"usages":["112206742"]},{"id":"user-image-115786.png","publicUrl":"np://user.desktop.nicepage.com/Site_1422206039/images/115786.png","size":2581,"hash":"Y+gbWFJ+vGPBmJuvGlccF3Tp0TY=","fileName":"115786.png","name":"115786","width":128,"height":128,"thumbnail":{"url":"np://user.desktop.nicepage.com/Site_1422206039/images/thumbnails/115786.png","width":128,"height":128,"length":2581,"type":"png"},"folderId":null,"usages":[]},{"id":"user-image-565198.png","publicUrl":"np://user.desktop.nicepage.com/Site_1422206039/images/565198.png","size":2920,"hash":"K5TK71sV/BGqiTRq4SAFxjPXJ4s=","fileName":"565198.png","name":"565198","width":128,"height":128,"thumbnail":{"url":"np://user.desktop.nicepage.com/Site_1422206039/images/thumbnails/565198.png","width":128,"height":128,"length":2920,"type":"png"},"folderId":null,"usages":[]},{"id":"user-image-6930903.png","publicUrl":"np://user.desktop.nicepage.com/Site_1422206039/images/6930903.png","size":2969,"hash":"j9c47/mluvkLHzJg0ifvKNMmB78=","fileName":"6930903.png","name":"6930903","width":128,"height":128,"thumbnail":{"url":"np://user.desktop.nicepage.com/Site_1422206039/images/thumbnails/6930903.png","width":128,"height":128,"length":2969,"type":"png"},"folderId":null,"usages":["112206742"]},{"id":"user-image-5882964.png","publicUrl":"np://user.desktop.nicepage.com/Site_1422206039/images/5882964.png","size":1777,"hash":"ekzglr4hyYl347sDv2kvXDrxrgQ=","fileName":"5882964.png","name":"5882964","width":128,"height":128,"thumbnail":{"url":"np://user.desktop.nicepage.com/Site_1422206039/images/thumbnails/5882964.png","width":128,"height":128,"length":1777,"type":"png"},"folderId":null,"usages":[]},{"id":"user-image-3855397.png","publicUrl":"np://user.desktop.nicepage.com/Site_1422206039/images/3855397.png","size":1824,"hash":"EOog7+YjktZosKD8u2zBJTPxBck=","fileName":"3855397.png","name":"3855397","width":128,"height":128,"thumbnail":{"url":"np://user.desktop.nicepage.com/Site_1422206039/images/thumbnails/3855397.png","width":128,"height":128,"length":1824,"type":"png"},"folderId":null,"usages":[]},{"id":"user-image-2011724.png","publicUrl":"np://user.desktop.nicepage.com/Site_1422206039/images/2011724.png","size":3407,"hash":"FdjRIHoF9nbp4OACEn4a3A0jW9Q=","fileName":"2011724.png","name":"2011724","width":128,"height":128,"thumbnail":{"url":"np://user.desktop.nicepage.com/Site_1422206039/images/thumbnails/2011724.png","width":128,"height":128,"length":3407,"type":"png"},"folderId":null,"usages":[]},{"id":"user-image-1077701.png","publicUrl":"np://user.desktop.nicepage.com/Site_1422206039/images/1077701.png","size":3113,"hash":"rkBA9mcdXmNxpq42Ott6uOpkwdo=","fileName":"1077701.png","name":"1077701","width":128,"height":128,"thumbnail":{"url":"np://user.desktop.nicepage.com/Site_1422206039/images/thumbnails/1077701.png","width":128,"height":128,"length":3113,"type":"png"},"folderId":null,"usages":[]},{"id":"user-image-3173770.png","publicUrl":"np://user.desktop.nicepage.com/Site_1422206039/images/3173770.png","size":1920,"hash":"kiWLG3/pnSVc6879UJDpmUSgjRI=","fileName":"3173770.png","name":"3173770","width":128,"height":128,"thumbnail":{"url":"np://user.desktop.nicepage.com/Site_1422206039/images/thumbnails/3173770.png","width":128,"height":128,"length":1920,"type":"png"},"folderId":null,"usages":["112206742"]},{"id":"user-image-1553380.png","publicUrl":"np://user.desktop.nicepage.com/Site_1422206039/images/1553380.png","size":2577,"hash":"TwMhugT5+46+3lf0yOBYBQl4CmQ=","fileName":"1553380.png","name":"1553380","width":128,"height":128,"thumbnail":{"url":"np://user.desktop.nicepage.com/Site_1422206039/images/thumbnails/1553380.png","width":128,"height":128,"length":2577,"type":"png"},"folderId":null,"usages":[]},{"id":"user-image-881939.png","publicUrl":"np://user.desktop.nicepage.com/Site_1422206039/images/881939.png","size":894,"hash":"5iaxT4mWQqu5hpiQL2d2JZN/w9I=","fileName":"881939.png","name":"881939","width":128,"height":128,"thumbnail":{"url":"np://user.desktop.nicepage.com/Site_1422206039/images/thumbnails/881939.png","width":128,"height":128,"length":894,"type":"png"},"folderId":null,"usages":[]},{"id":"user-image-2839383.png","publicUrl":"np://user.desktop.nicepage.com/Site_1422206039/images/2839383.png","size":1921,"hash":"773JAzuwPJHu/i8ZOmlFMuRrX5w=","fileName":"2839383.png","name":"2839383","width":128,"height":128,"thumbnail":{"url":"np://user.desktop.nicepage.com/Site_1422206039/images/thumbnails/2839383.png","width":128,"height":128,"length":1921,"type":"png"},"folderId":null,"usages":[]},{"id":"user-image-2818791.png","publicUrl":"np://user.desktop.nicepage.com/Site_1422206039/images/2818791.png","size":5353,"hash":"E3haJitwY1/2peDm0tDfC28Xe2o=","fileName":"2818791.png","name":"2818791","width":128,"height":128,"thumbnail":{"url":"np://user.desktop.nicepage.com/Site_1422206039/images/thumbnails/2818791.png","width":128,"height":128,"length":5353,"type":"png"},"folderId":null,"usages":[]},{"id":"user-image-Contentstructure-amico1.png","publicUrl":"np://user.desktop.nicepage.com/Site_1422206039/images/Contentstructure-amico1.png","size":580429,"hash":"hHEqPOq2hwtPLSkZpoiPZ73s6Cg=","fileName":"Contentstructure-amico1.png","name":"Contentstructure-amico1","width":2000,"height":2000,"thumbnail":{"url":"np://user.desktop.nicepage.com/Site_1422206039/images/thumbnails/Contentstructure-amico1.png","width":250,"height":250},"folderId":null,"usages":["112206742"]},{"id":"user-image-5088201.jpg","publicUrl":"np://user.desktop.nicepage.com/Site_1422206039/images/5088201.jpg","size":289896,"hash":"ut1ccZ/QDTo4zH/vD1rEXg+ZH9U=","fileName":"5088201.jpg","name":"5088201","width":2000,"height":2000,"thumbnail":{"url":"np://user.desktop.nicepage.com/Site_1422206039/images/thumbnails/5088201.jpg","width":250,"height":250},"folderId":null,"usages":[]},{"id":"user-image-5421915.jpg","publicUrl":"np://user.desktop.nicepage.com/Site_1422206039/images/5421915.jpg","size":247757,"hash":"I3qpCaI669+nra1RiP2GYYnCxAE=","fileName":"5421915.jpg","name":"5421915","width":2000,"height":2000,"thumbnail":{"url":"np://user.desktop.nicepage.com/Site_1422206039/images/thumbnails/5421915.jpg","width":250,"height":250},"folderId":null,"usages":[]},{"id":"user-image-8066424.png","publicUrl":"np://user.desktop.nicepage.com/Site_1422206039/images/8066424.png","size":2789,"hash":"TuyL4PsNoTty7m/BkdT3G+8vCi0=","fileName":"8066424.png","name":"8066424","width":128,"height":128,"thumbnail":{"url":"np://user.desktop.nicepage.com/Site_1422206039/images/thumbnails/8066424.png","width":128,"height":128,"length":2789,"type":"png"},"folderId":null,"originalUrl":"//images01.nicepagecdn.com/c461c07a441a5d220e8feb1a/73e1c047a8945fe5a79563d6/8066424.png","usages":["112206742"]},{"id":"user-image-2838912.png","publicUrl":"np://user.desktop.nicepage.com/Site_1422206039/images/2838912.png","size":3309,"hash":"h7/HH/0ZvnQq2pA81c0JVoTZC3o=","fileName":"2838912.png","name":"2838912","width":128,"height":128,"thumbnail":{"url":"np://user.desktop.nicepage.com/Site_1422206039/images/thumbnails/2838912.png","width":128,"height":128,"length":3309,"type":"png"},"folderId":null,"originalUrl":"//images01.nicepagecdn.com/c461c07a441a5d220e8feb1a/2a887ebcd4e254be83f2068a/2838912.png","usages":["112206742"]},{"id":"user-image-646094.png","publicUrl":"np://user.desktop.nicepage.com/Site_1422206039/images/646094.png","size":2920,"hash":"D4R2eI+UniH8DFN5GIjVyvdbvvY=","fileName":"646094.png","name":"646094","width":128,"height":128,"thumbnail":{"url":"np://user.desktop.nicepage.com/Site_1422206039/images/thumbnails/646094.png","width":128,"height":128,"length":2920,"type":"png"},"folderId":null,"originalUrl":"//images01.nicepagecdn.com/c461c07a441a5d220e8feb1a/0f93b8c989d653229f7e203c/646094.png","usages":["112206742"]},{"id":"user-image-59149.png","publicUrl":"np://user.desktop.nicepage.com/Site_1422206039/images/59149.png","size":2652,"hash":"ZbGtNJq8++WbFdyzDPq6LXC4lLs=","fileName":"59149.png","name":"59149","width":128,"height":128,"thumbnail":{"url":"np://user.desktop.nicepage.com/Site_1422206039/images/thumbnails/59149.png","width":128,"height":128,"length":2652,"type":"png"},"folderId":null,"originalUrl":"//images01.nicepagecdn.com/c461c07a441a5d220e8feb1a/2cd7bebb73ba5356bcf5386a/59149.png","usages":["112206742"]},{"id":"user-image-rr3.jpg","publicUrl":"np://user.desktop.nicepage.com/Site_1422206039/images/rr3.jpg","size":133674,"hash":"Gq9EhpxO88laqKOtP0Vuaw36URM=","fileName":"rr3.jpg","name":"rr3","width":934,"height":934,"thumbnail":{"url":"np://user.desktop.nicepage.com/Site_1422206039/images/thumbnails/rr3.jpg","width":250,"height":250},"folderId":null,"originalUrl":"//images01.nicepagecdn.com/c461c07a441a5d220e8feb1a/ef0bb6a8f99150adbedd2562/rr3.jpg","usages":["112206742"]},{"id":"user-image-io.jpg","publicUrl":"np://user.desktop.nicepage.com/Site_1422206039/images/io.jpg","size":124976,"hash":"d2QHrgG2RXnkUfrJKkN7hSoarN4=","fileName":"io.jpg","name":"io","width":902,"height":902,"thumbnail":{"url":"np://user.desktop.nicepage.com/Site_1422206039/images/thumbnails/io.jpg","width":250,"height":250},"folderId":null,"originalUrl":"//images01.nicepagecdn.com/c461c07a441a5d220e8feb1a/eaa28f22b7c1547ea1e6740f/io.jpg","usages":["112206742"]},{"id":"user-image-vcvc.jpg","publicUrl":"np://user.desktop.nicepage.com/Site_1422206039/images/vcvc.jpg","size":36661,"hash":"oKhp+XwYvYILAS7/as6VMluyyp4=","fileName":"vcvc.jpg","name":"vcvc","width":462,"height":417,"thumbnail":{"url":"np://user.desktop.nicepage.com/Site_1422206039/images/thumbnails/vcvc.jpg","width":250,"height":226},"folderId":null,"originalUrl":"//images01.nicepagecdn.com/c461c07a441a5d220e8feb1a/6d6a4151018c50378a2c01f5/vcvc.jpg","usages":["112206742"]},{"id":"user-image-677.jpg","publicUrl":"np://user.desktop.nicepage.com/Site_1422206039/images/677.jpg","size":49598,"hash":"yYhGFJU+5mMMGUrbVwwBvygbm7w=","fileName":"677.jpg","name":"677","width":462,"height":417,"thumbnail":{"url":"np://user.desktop.nicepage.com/Site_1422206039/images/thumbnails/677.jpg","width":250,"height":226},"folderId":null,"originalUrl":"//images01.nicepagecdn.com/c461c07a441a5d220e8feb1a/128014586e555f6e940fd243/677.jpg","usages":["112206742"]},{"id":"user-image-vcv.jpg","publicUrl":"np://user.desktop.nicepage.com/Site_1422206039/images/vcv.jpg","size":36125,"hash":"0ZE4S9FaZNAYGg77531slk3vLDk=","fileName":"vcv.jpg","name":"vcv","width":462,"height":417,"thumbnail":{"url":"np://user.desktop.nicepage.com/Site_1422206039/images/thumbnails/vcv.jpg","width":250,"height":226},"folderId":null,"originalUrl":"//images01.nicepagecdn.com/c461c07a441a5d220e8feb1a/714eb9919289545a9278606f/vcv.jpg","usages":["112206742"]},{"id":"user-image-businessman-checking-stock-market-online_53876-11970.jpg","publicUrl":"np://user.desktop.nicepage.com/Site_1422206039/images/businessman-checking-stock-market-online_53876-11970.jpg","size":138930,"hash":"Mi8Rym/wUZXXJR1nDL8s9ur9Xq0=","fileName":"businessman-checking-stock-market-online_53876-11970.jpg","name":"businessman-checking-stock-market-online_53876-11970","width":626,"height":417,"thumbnail":{"url":"np://user.desktop.nicepage.com/Site_1422206039/images/thumbnails/businessman-checking-stock-market-online_53876-11970.jpg","width":250,"height":167},"folderId":null,"originalUrl":"//images01.nicepagecdn.com/c461c07a441a5d220e8feb1a/b534a78ec5a150be9df34412/businessman-checking-stock-market-online_53876-11970.jpg","usages":["112206742"]},{"id":"user-image-cxcc.jpg","publicUrl":"np://user.desktop.nicepage.com/Site_1422206039/images/cxcc.jpg","size":59924,"hash":"gJ6SACkrcLDQ30dHOr7Lo6hr0iQ=","fileName":"cxcc.jpg","name":"cxcc","width":462,"height":417,"thumbnail":{"url":"np://user.desktop.nicepage.com/Site_1422206039/images/thumbnails/cxcc.jpg","width":250,"height":226},"folderId":null,"originalUrl":"//images01.nicepagecdn.com/c461c07a441a5d220e8feb1a/c9d97524f40f5dc7b655fec5/cxcc.jpg","usages":["112206742"]},{"id":"user-image-music-player-app-interface-set_23-2148547854.jpg","publicUrl":"np://user.desktop.nicepage.com/Site_1422206039/images/music-player-app-interface-set_23-2148547854.jpg","size":80515,"hash":"qRNr2sLONefM1A5/NmBalwyoLkg=","fileName":"music-player-app-interface-set_23-2148547854.jpg","name":"music-player-app-interface-set_23-2148547854","width":626,"height":626,"thumbnail":{"url":"np://user.desktop.nicepage.com/Site_1422206039/images/thumbnails/music-player-app-interface-set_23-2148547854.jpg","width":250,"height":250},"folderId":null,"originalUrl":"//images01.nicepagecdn.com/c461c07a441a5d220e8feb1a/8b0c6018708c54bfb36443dd/music-player-app-interface-set_23-2148547854.jpg","usages":["112206742"]},{"id":"user-image-sony-logo.svg","publicUrl":"np://user.desktop.nicepage.com/Site_1422206039/images/sony-logo.svg","size":2693,"hash":"QpbCOeE7tQC5BOPp5Klk+K7KVkQ=","fileName":"sony-logo.svg","name":"sony-logo","width":2500,"height":448,"thumbnail":{"url":"np://user.desktop.nicepage.com/Site_1422206039/images/thumbnails/sony-logo.svg","width":250,"height":45},"folderId":null,"originalUrl":"//images01.nicepagecdn.com/c461c07a441a5d220e8feb1a/619f5d548d635e75bcf2f320/sony-logo.svg","usages":["112206742"]},{"id":"user-image-tesla-9.svg","publicUrl":"np://user.desktop.nicepage.com/Site_1422206039/images/tesla-9.svg","size":1198,"hash":"11Dz0VDc42XRaIKKOJVzlf2R+9M=","fileName":"tesla-9.svg","name":"tesla-9","width":2500,"height":326,"thumbnail":{"url":"np://user.desktop.nicepage.com/Site_1422206039/images/thumbnails/tesla-9.svg","width":250,"height":33},"folderId":null,"originalUrl":"//images01.nicepagecdn.com/c461c07a441a5d220e8feb1a/75b9a80337b65bc28863c8aa/tesla-9.svg","usages":["112206742"]},{"id":"user-image-evga.svg","publicUrl":"np://user.desktop.nicepage.com/Site_1422206039/images/evga.svg","size":2699,"hash":"lOzuRGUOeAuo5UBSLlm99TS0/+0=","fileName":"evga.svg","name":"evga","width":2500,"height":523,"thumbnail":{"url":"np://user.desktop.nicepage.com/Site_1422206039/images/thumbnails/evga.svg","width":250,"height":52},"folderId":null,"originalUrl":"//images01.nicepagecdn.com/c461c07a441a5d220e8feb1a/a33a46c929de5630ba07635e/evga.svg","usages":["112206742"]},{"id":"user-image-1.svg","publicUrl":"np://user.desktop.nicepage.com/Site_1422206039/images/1.svg","size":6343,"hash":"tYV+Qo4ZKryfT9mENdnWEd9ph2M=","fileName":"1.svg","name":"1","width":2500,"height":752,"thumbnail":{"url":"np://user.desktop.nicepage.com/Site_1422206039/images/thumbnails/1.svg","width":250,"height":75},"folderId":null,"originalUrl":"//images01.nicepagecdn.com/c461c07a441a5d220e8feb1a/5ec8b52fcf09516295c018eb/1.svg","usages":["112206742"]},{"id":"user-image-logo-amazon.svg","publicUrl":"np://user.desktop.nicepage.com/Site_1422206039/images/logo-amazon.svg","size":5016,"hash":"+m2eS2RvVL6Q/p0RrDoZIg0E6hM=","fileName":"logo-amazon.svg","name":"logo-amazon","width":2500,"height":752,"thumbnail":{"url":"np://user.desktop.nicepage.com/Site_1422206039/images/thumbnails/logo-amazon.svg","width":250,"height":75},"folderId":null,"originalUrl":"//images01.nicepagecdn.com/c461c07a441a5d220e8feb1a/8164ad3ec7d75a9a81a12288/logo-amazon.svg","usages":["112206742"]},{"id":"user-image-6c7decbc-d9d3-4316-5906-19d76e6c84f3.png","publicUrl":"np://user.desktop.nicepage.com/Site_1422206039/images/6c7decbc-d9d3-4316-5906-19d76e6c84f3.png","size":55644,"hash":"cUKgb2DN11g1tyxeSX0J5DHoATg=","fileName":"6c7decbc-d9d3-4316-5906-19d76e6c84f3.png","name":"6c7decbc-d9d3-4316-5906-19d76e6c84f3","width":700,"height":500,"thumbnail":{"url":"np://user.desktop.nicepage.com/Site_1422206039/images/thumbnails/6c7decbc-d9d3-4316-5906-19d76e6c84f3.png","width":250,"height":179},"folderId":null,"originalUrl":"//images01.nicepagecdn.com/c461c07a441a5d220e8feb1a/2c5b8c41c0f25bebb2b448b9/6c7decbc-d9d3-4316-5906-19d76e6c84f3.png","usages":["112206742"]},{"id":"user-image-2.png","publicUrl":"np://user.desktop.nicepage.com/Site_1422206039/images/2.png","size":72858,"hash":"IujhlFRAiHbGcNX5v9SEewgx23E=","fileName":"2.png","name":"2","width":700,"height":500,"thumbnail":{"url":"np://user.desktop.nicepage.com/Site_1422206039/images/thumbnails/2.png","width":250,"height":179},"folderId":null,"originalUrl":"//images01.nicepagecdn.com/c461c07a441a5d220e8feb1a/f12ee1fbc03954aeaa0596da/2.png","usages":["112206742"]},{"id":"user-image-11.png","publicUrl":"np://user.desktop.nicepage.com/Site_1422206039/images/11.png","size":66421,"hash":"yeUMnNRUCZmcPnEMvTpvXgYGmT4=","fileName":"11.png","name":"11","width":700,"height":500,"thumbnail":{"url":"np://user.desktop.nicepage.com/Site_1422206039/images/thumbnails/11.png","width":250,"height":179},"folderId":null,"originalUrl":"//images01.nicepagecdn.com/c461c07a441a5d220e8feb1a/853d29c8326a5a248002b97d/11.png","usages":["112206742"]},{"id":"user-image-3e323ee9-9fff-450e-aabf-b9b006d5620c.jpg","publicUrl":"np://user.desktop.nicepage.com/Site_1422206039/images/3e323ee9-9fff-450e-aabf-b9b006d5620c.jpg","size":43820,"hash":"8AnBZNs1YVymytD4z/MVj8tUxm8=","fileName":"3e323ee9-9fff-450e-aabf-b9b006d5620c.jpg","name":"3e323ee9-9fff-450e-aabf-b9b006d5620c","width":720,"height":1080,"thumbnail":{"url":"np://user.desktop.nicepage.com/Site_1422206039/images/thumbnails/3e323ee9-9fff-450e-aabf-b9b006d5620c.jpg","width":167,"height":250},"folderId":null,"originalUrl":"//images01.nicepagecdn.com/c461c07a441a5d220e8feb1a/39ff6155b3d25dadac0fea88/3e323ee9-9fff-450e-aabf-b9b006d5620c.jpg","usages":["112206742"]},{"id":"user-image-44d5d282-18f7-4295-9493-b2865af9bf3d.jpg","publicUrl":"np://user.desktop.nicepage.com/Site_1422206039/images/44d5d282-18f7-4295-9493-b2865af9bf3d.jpg","size":83322,"hash":"hawInZ+/BAgt8u2kx61i0UtWaHI=","fileName":"44d5d282-18f7-4295-9493-b2865af9bf3d.jpg","name":"44d5d282-18f7-4295-9493-b2865af9bf3d","width":1000,"height":876,"thumbnail":{"url":"np://user.desktop.nicepage.com/Site_1422206039/images/thumbnails/44d5d282-18f7-4295-9493-b2865af9bf3d.jpg","width":250,"height":219},"folderId":null,"originalUrl":"//images01.nicepagecdn.com/c461c07a441a5d220e8feb1a/52d82c5900df5c6e8686dcd1/44d5d282-18f7-4295-9493-b2865af9bf3d.jpg","usages":["112206742"]},{"id":"user-image-1222_150.jpg","publicUrl":"np://user.desktop.nicepage.com/Site_1422206039/images/1222_150.jpg","size":6420,"hash":"INOVBj7wEWGsfccXbRBjVyNSaGE=","fileName":"1222_150.jpg","name":"1222_150","width":126,"height":126,"thumbnail":{"url":"np://user.desktop.nicepage.com/Site_1422206039/images/thumbnails/1222_150.jpg","height":126,"width":126,"length":6420,"type":"jpg"},"folderId":null,"originalUrl":"//images01.nicepagecdn.com/thumbs/c461c07a441a5d220e8feb1a/d071f361765b573dbc08ac6c/1222_150.jpg","usages":["112206742"]},{"id":"user-image-dfdf.jpg","publicUrl":"np://user.desktop.nicepage.com/Site_1422206039/images/dfdf.jpg","size":64722,"hash":"tmvvHghF8iSAbnZSFCytdBJu7cs=","fileName":"dfdf.jpg","name":"dfdf","width":1296,"height":1080,"thumbnail":{"url":"np://user.desktop.nicepage.com/Site_1422206039/images/thumbnails/dfdf.jpg","width":250,"height":208},"folderId":null,"originalUrl":"//images01.nicepagecdn.com/c461c07a441a5d220e8feb1a/16bc7d314e0658b4b26b0dc3/dfdf.jpg","usages":["112206742"]},{"id":"user-image-vbvbbv.jpg","publicUrl":"np://user.desktop.nicepage.com/Site_1422206039/images/vbvbbv.jpg","size":28261,"hash":"yHE1oNh5h+VMZdO+JF9nuKXl23I=","fileName":"vbvbbv.jpg","name":"vbvbbv","width":1980,"height":1200,"thumbnail":{"url":"np://user.desktop.nicepage.com/Site_1422206039/images/thumbnails/vbvbbv.jpg","width":250,"height":152},"folderId":null,"originalUrl":"//images01.nicepagecdn.com/c461c07a441a5d220e8feb1a/f0f7802227f957d3af0c338f/vbvbbv.jpg","usages":["112206742"]},{"id":"user-image-ad-min.jpg","publicUrl":"np://user.desktop.nicepage.com/Site_1422206039/images/ad-min.jpg","size":132454,"hash":"vkP6waZwZohVCG398SCLeFJymWo=","fileName":"ad-min.jpg","name":"ad-min","width":1080,"height":900,"thumbnail":{"url":"np://user.desktop.nicepage.com/Site_1422206039/images/thumbnails/ad-min.jpg","width":250,"height":208},"folderId":null,"originalUrl":"//images02.nicepagecdn.com/c461c07a441a5d220e8feb1a/d7dc502250955d50b21bd3f8/ad-min.jpg","usages":[]},{"id":"user-image-0001.png","publicUrl":"np://user.desktop.nicepage.com/Site_1422206039/images/0001.png","size":11787,"hash":"9VLW8KtthoSR4qUP4LNotkgnxaQ=","fileName":"0001.png","name":"0001","width":493,"height":150,"thumbnail":{"url":"np://user.desktop.nicepage.com/Site_1422206039/images/thumbnails/0001.png","width":250,"height":76},"folderId":null,"originalUrl":"//images01.nicepagecdn.com/c461c07a441a5d220e8feb1a/60013aba277d555781a38e7b/0001.png","usages":["112206742"]},{"id":"user-image-fg.jpg","publicUrl":"np://user.desktop.nicepage.com/Site_1422206039/images/fg.jpg","size":114001,"hash":"n/vt6KmBbcMmwUaF+WFNrol1Ils=","fileName":"fg.jpg","name":"fg","width":1357,"height":1080,"thumbnail":{"url":"np://user.desktop.nicepage.com/Site_1422206039/images/thumbnails/fg.jpg","width":250,"height":199},"folderId":null,"originalUrl":"//images01.nicepagecdn.com/c461c07a441a5d220e8feb1a/3d95ce58f5c65316ad114441/fg.jpg","usages":["112206742"]},{"id":"user-image-2222222.png","publicUrl":"np://user.desktop.nicepage.com/Site_1422206039/images/2222222.png","size":10049,"hash":"N+76wM+yGu1zQXPaocc79IMvo6c=","fileName":"2222222.png","name":"2222222","width":493,"height":150,"thumbnail":{"url":"np://user.desktop.nicepage.com/Site_1422206039/images/thumbnails/2222222.png","width":250,"height":76},"folderId":null,"originalUrl":"//images01.nicepagecdn.com/c461c07a441a5d220e8feb1a/423e86d4ffbd5ce380db828f/2222222.png","usages":["112206742"]},{"id":"user-image-dff.jpg","publicUrl":"np://user.desktop.nicepage.com/Site_1422206039/images/dff.jpg","size":33324,"hash":"gA0HiP1ir/HGjeuwxs9b5BQa63I=","fileName":"dff.jpg","name":"dff","width":1980,"height":1321,"thumbnail":{"url":"np://user.desktop.nicepage.com/Site_1422206039/images/thumbnails/dff.jpg","width":250,"height":167},"folderId":null,"originalUrl":"//images01.nicepagecdn.com/c461c07a441a5d220e8feb1a/6f3fcb8728275466bb84683c/dff.jpg","usages":["112206742"]},{"id":"user-image-fgfgfg5t.jpg","publicUrl":"np://user.desktop.nicepage.com/Site_1422206039/images/fgfgfg5t.jpg","size":27314,"hash":"YNKJ57+dfnMvYajZQnSflsH0d2c=","fileName":"fgfgfg5t.jpg","name":"fgfgfg5t","width":1920,"height":1200,"thumbnail":{"url":"np://user.desktop.nicepage.com/Site_1422206039/images/thumbnails/fgfgfg5t.jpg","width":250,"height":156},"folderId":null,"originalUrl":"//images01.nicepagecdn.com/c461c07a441a5d220e8feb1a/49243501dd855056bb5024ea/fgfgfg5t.jpg","usages":["112206742"]}]
