[{"id":27326358,"title":"Blog Template","order":1,"templateKey":"blog","customTemplate":false,"customTemplateFilename":null,"pageLinks":[],"dateCreated":"2025-01-28T22:42:31.718Z","dateUpdated":"2025-01-28T22:42:33.255Z","folderId":null,"pageName":"Blog Template","serverPageId":null,"sectionCount":1,"status":2,"backwardUrl":null},{"id":78172298,"title":"Post Template","order":2,"templateKey":"post","customTemplate":false,"customTemplateFilename":null,"pageLinks":[],"dateCreated":"2025-01-28T22:42:31.868Z","dateUpdated":"2025-01-28T22:42:33.255Z","folderId":null,"pageName":"Post Template","serverPageId":null,"sectionCount":1,"status":2,"backwardUrl":null},{"id":6232626,"title":"Product List Template","order":3,"templateKey":"products","customTemplate":false,"customTemplateFilename":null,"pageLinks":[],"dateCreated":"2025-01-28T22:42:32.002Z","dateUpdated":"2025-01-28T22:42:33.255Z","folderId":null,"pageName":"Product List Template","serverPageId":null,"sectionCount":1,"status":2,"backwardUrl":null},{"id":138574008,"title":"Product Details Template","order":4,"templateKey":"product","customTemplate":false,"customTemplateFilename":null,"pageLinks":[],"dateCreated":"2025-01-28T22:42:32.140Z","dateUpdated":"2025-01-28T22:42:33.255Z","folderId":null,"pageName":"Product Details Template","serverPageId":null,"sectionCount":1,"status":2,"backwardUrl":null},{"id":496798,"title":"Shopping Cart Template","order":5,"templateKey":"cart","customTemplate":false,"customTemplateFilename":null,"pageLinks":[],"dateCreated":"2025-01-28T22:42:32.257Z","dateUpdated":"2025-01-28T22:42:33.255Z","folderId":null,"pageName":"Shopping Cart Template","serverPageId":null,"sectionCount":1,"status":2,"backwardUrl":null},{"id":52280748,"title":"Checkout Template","order":6,"templateKey":"checkout","customTemplate":false,"customTemplateFilename":null,"pageLinks":[],"dateCreated":"2025-01-28T22:42:32.418Z","dateUpdated":"2025-01-28T22:42:33.255Z","folderId":null,"pageName":"Checkout Template","serverPageId":null,"sectionCount":1,"status":2,"backwardUrl":null},{"id":23776703,"title":"Login Template","order":7,"templateKey":"login","customTemplate":false,"customTemplateFilename":null,"pageLinks":[],"dateCreated":"2025-01-28T22:42:32.519Z","dateUpdated":"2025-01-28T22:42:33.256Z","folderId":null,"pageName":"Login Template","serverPageId":null,"sectionCount":1,"status":2,"backwardUrl":null},{"id":48817748,"title":"Search Page Template","order":8,"templateKey":"Search","customTemplate":false,"customTemplateFilename":null,"pageLinks":[],"dateCreated":"2025-01-28T22:42:32.598Z","dateUpdated":"2025-01-28T22:42:33.256Z","folderId":null,"pageName":"Search Page Template","serverPageId":null,"sectionCount":1,"status":2,"backwardUrl":null},{"id":242905689,"title":"Page Password Template","order":9,"templateKey":"password","customTemplate":false,"customTemplateFilename":null,"pageLinks":[],"dateCreated":"2025-01-28T22:42:32.683Z","dateUpdated":"2025-01-28T22:42:33.256Z","folderId":null,"pageName":"Page Password Template","serverPageId":null,"sectionCount":1,"status":2,"backwardUrl":null},{"id":34065298,"title":"404 Not Found Template","order":10,"templateKey":"404","customTemplate":false,"customTemplateFilename":null,"pageLinks":[],"dateCreated":"2025-01-28T22:42:32.763Z","dateUpdated":"2025-01-28T22:42:33.256Z","folderId":null,"pageName":"404 Not Found Template","serverPageId":null,"sectionCount":1,"status":2,"backwardUrl":null},{"id":16373565,"title":"Thank You Page Template","order":11,"templateKey":"ThankYou","customTemplate":false,"customTemplateFilename":null,"pageLinks":[],"dateCreated":"2025-01-28T22:42:32.830Z","dateUpdated":"2025-01-28T22:42:33.256Z","folderId":null,"pageName":"Thank You Page Template","serverPageId":null,"sectionCount":1,"status":2,"backwardUrl":null},{"id":67086040,"title":"Über uns","order":100,"templateKey":null,"customTemplate":false,"customTemplateFilename":null,"pageLinks":[],"dateCreated":"2025-01-28T22:42:32.875Z","dateUpdated":"2025-01-28T22:42:33.256Z","folderId":null,"pageName":"Über uns_67086040","serverPageId":null,"sectionCount":1,"status":2,"backwardUrl":null},{"id":994016015,"title":"Kontakt","order":101,"templateKey":null,"customTemplate":false,"customTemplateFilename":null,"pageLinks":[],"dateCreated":"2025-01-28T22:42:32.916Z","dateUpdated":"2025-01-28T22:42:33.256Z","folderId":null,"pageName":"Kontakt_994016015","serverPageId":null,"sectionCount":1,"status":2,"backwardUrl":null},{"id":112206742,"title":"HOME","order":102,"templateKey":null,"customTemplate":false,"customTemplateFilename":null,"pageLinks":["112206742"],"dateCreated":"2025-01-29T11:11:45.675Z","dateUpdated":"2025-01-31T16:30:54.779Z","folderId":null,"pageName":"HOME_112206742","serverPageId":null,"sectionCount":10,"status":2,"backwardUrl":null}]
