[{"id":"user-image-AvatarMaker.png","publicUrl":"np://user.desktop.nicepage.com/Site_249716341/images/AvatarMaker.png","size":29492,"hash":"eni6Li8GrHjQhGQ6m/2twgzYGpI=","fileName":"AvatarMaker.png","name":"AvatarMaker","width":400,"height":400,"thumbnail":{"url":"np://user.desktop.nicepage.com/Site_249716341/images/thumbnails/AvatarMaker.png","width":250,"height":250},"folderId":null,"usages":["201473703"]},{"id":"user-image-AvatarMaker2.png","publicUrl":"np://user.desktop.nicepage.com/Site_249716341/images/AvatarMaker2.png","size":24636,"hash":"WX5UegMpgRgGLc8P2tgOBqqAKNM=","fileName":"AvatarMaker2.png","name":"AvatarMaker2","width":400,"height":400,"thumbnail":{"url":"np://user.desktop.nicepage.com/Site_249716341/images/thumbnails/AvatarMaker2.png","width":250,"height":250},"folderId":null,"usages":["201473703"]},{"id":"user-image-builderss-wbs.webflow.io2.png","publicUrl":"np://user.desktop.nicepage.com/Site_249716341/images/builderss-wbs.webflow.io2.png","size":2223778,"hash":"cJEGv74ubawoeKTzFuVmyowH3Vk=","fileName":"builderss-wbs.webflow.io2.png","name":"builderss-wbs.webflow.io2","width":2880,"height":3483,"thumbnail":{"url":"np://user.desktop.nicepage.com/Site_249716341/images/thumbnails/builderss-wbs.webflow.io2.png","width":207,"height":250},"folderId":null,"usages":["201473703"]},{"id":"user-image-builderss-wbs.webflow.io1.png","publicUrl":"np://user.desktop.nicepage.com/Site_249716341/images/builderss-wbs.webflow.io1.png","size":2328100,"hash":"sl6+EKrLQ+4mUrO3k/AqKBbyrAA=","fileName":"builderss-wbs.webflow.io1.png","name":"builderss-wbs.webflow.io1","width":2880,"height":3627,"thumbnail":{"url":"np://user.desktop.nicepage.com/Site_249716341/images/thumbnails/builderss-wbs.webflow.io1.png","width":199,"height":250},"folderId":null,"usages":[]},{"id":"user-image-iLevel1.jpg","publicUrl":"np://user.desktop.nicepage.com/Site_249716341/images/iLevel1.jpg","size":210590,"hash":"gRmULjeM4SGgWQahesvP+wR0yic=","fileName":"iLevel1.jpg","name":"iLevel1","width":955,"height":1079,"thumbnail":{"url":"np://user.desktop.nicepage.com/Site_249716341/images/thumbnails/iLevel1.jpg","width":221,"height":250},"folderId":null,"usages":["201473703"]},{"id":"user-image-Paris.jpg","publicUrl":"np://user.desktop.nicepage.com/Site_249716341/images/Paris.jpg","size":234220,"hash":"VsI4ac2qSU9+Bz59c14f5IR7IOY=","fileName":"Paris.jpg","name":"Paris","width":955,"height":1224,"thumbnail":{"url":"np://user.desktop.nicepage.com/Site_249716341/images/thumbnails/Paris.jpg","width":195,"height":250},"folderId":null,"usages":["201473703"]},{"id":"user-image-Creative-Website-Design-Template-PSD.jpg","publicUrl":"np://user.desktop.nicepage.com/Site_249716341/images/Creative-Website-Design-Template-PSD.jpg","size":524558,"hash":"doZkJbzGU8WjBwq4z88WsfoS43I=","fileName":"Creative-Website-Design-Template-PSD.jpg","name":"Creative-Website-Design-Template-PSD","width":1600,"height":2067,"thumbnail":{"url":"np://user.desktop.nicepage.com/Site_249716341/images/thumbnails/Creative-Website-Design-Template-PSD.jpg","width":194,"height":250},"folderId":null,"usages":["201473703"]},{"id":"user-image-Free-Business-Web-Template-PSD-Download-cssauthor.com_.jpg","publicUrl":"np://user.desktop.nicepage.com/Site_249716341/images/Free-Business-Web-Template-PSD-Download-cssauthor.com_.jpg","size":159328,"hash":"UuwgR+vi/4gBaAFxDhZhQhVh9wI=","fileName":"Free-Business-Web-Template-PSD-Download-cssauthor.com_.jpg","name":"Free-Business-Web-Template-PSD-Download-cssauthor.com_","width":954,"height":1246,"thumbnail":{"url":"np://user.desktop.nicepage.com/Site_249716341/images/thumbnails/Free-Business-Web-Template-PSD-Download-cssauthor.com_.jpg","width":191,"height":250},"folderId":null,"usages":["201473703"]},{"id":"user-image-repairx-template.webflow.io.png","publicUrl":"np://user.desktop.nicepage.com/Site_249716341/images/repairx-template.webflow.io.png","size":5201305,"hash":"BgTOY1H3tE/FR721oPoy0moM9NE=","fileName":"repairx-template.webflow.io.png","name":"repairx-template.webflow.io","width":2880,"height":4139,"thumbnail":{"url":"np://user.desktop.nicepage.com/Site_249716341/images/thumbnails/repairx-template.webflow.io.png","width":174,"height":250},"folderId":null,"usages":["201473703"]},{"id":"user-image-iLevel.jpg","publicUrl":"np://user.desktop.nicepage.com/Site_249716341/images/iLevel.jpg","size":297699,"hash":"MWdepjqmpfF1De7CkM8PnJi82v8=","fileName":"iLevel.jpg","name":"iLevel","width":955,"height":1412,"thumbnail":{"url":"np://user.desktop.nicepage.com/Site_249716341/images/thumbnails/iLevel.jpg","width":169,"height":250},"folderId":null,"usages":[]},{"id":"user-image-builderss-wbs.webflow.io.png","publicUrl":"np://user.desktop.nicepage.com/Site_249716341/images/builderss-wbs.webflow.io.png","size":2570857,"hash":"Yaf0HelkoD2ZKuHCtSFaFYgBefw=","fileName":"builderss-wbs.webflow.io.png","name":"builderss-wbs.webflow.io","width":2880,"height":4009,"thumbnail":{"url":"np://user.desktop.nicepage.com/Site_249716341/images/thumbnails/builderss-wbs.webflow.io.png","width":180,"height":250},"folderId":null,"usages":[]},{"id":"user-image-OrgCoral_Ofc-01_Concept-06.jpg","publicUrl":"np://user.desktop.nicepage.com/Site_249716341/images/OrgCoral_Ofc-01_Concept-06.jpg","size":1924472,"hash":"TDwx5v97auyNxGnFDvxA3OLj3C8=","fileName":"OrgCoral_Ofc-01_Concept-06.jpg","name":"OrgCoral_Ofc-01_Concept-06","width":5157,"height":3438,"thumbnail":{"url":"np://user.desktop.nicepage.com/Site_249716341/images/thumbnails/OrgCoral_Ofc-01_Concept-06.jpg","width":250,"height":167},"folderId":null,"usages":[]},{"id":"user-image-content_13376425.png","publicUrl":"np://user.desktop.nicepage.com/Site_249716341/images/content_13376425.png","size":20711,"hash":"39MEyouuE3qLtZhxz0i72wl0J/k=","fileName":"content_13376425.png","name":"content_13376425","width":512,"height":512,"thumbnail":{"url":"np://user.desktop.nicepage.com/Site_249716341/images/thumbnails/content_13376425.png","width":250,"height":250},"folderId":null,"usages":[]},{"id":"user-image-781683.png","publicUrl":"np://user.desktop.nicepage.com/Site_249716341/images/781683.png","size":3606,"hash":"gBMaHbzJy5a6ymLjrFaMGC+K0mo=","fileName":"781683.png","name":"781683","width":128,"height":128,"thumbnail":{"url":"np://user.desktop.nicepage.com/Site_249716341/images/thumbnails/781683.png","width":128,"height":128,"length":3606,"type":"png"},"folderId":null,"usages":[]},{"id":"user-image-f31.jpg","publicUrl":"np://user.desktop.nicepage.com/Site_249716341/images/f31.jpg","size":454057,"hash":"+rEzf9jYzZt0Nupmn9n0ubYtAJs=","fileName":"f31.jpg","name":"f31","width":740,"height":925,"thumbnail":{"url":"np://user.desktop.nicepage.com/Site_249716341/images/thumbnails/f31.jpg","width":200,"height":250},"folderId":null,"originalUrl":"https://assets.nicepagecdn.com/d2cc3eaa/3955079/images/f3.jpg","usages":[]},{"id":"user-image-41.jpg","publicUrl":"np://user.desktop.nicepage.com/Site_249716341/images/41.jpg","size":155403,"hash":"nPrbK2JDKuJxL5avfYl1FJUN6Nc=","fileName":"41.jpg","name":"41","width":740,"height":925,"thumbnail":{"url":"np://user.desktop.nicepage.com/Site_249716341/images/thumbnails/41.jpg","width":200,"height":250},"folderId":null,"originalUrl":"https://assets.nicepagecdn.com/d2cc3eaa/3955079/images/4.jpg","usages":[]},{"id":"user-image-331.jpg","publicUrl":"np://user.desktop.nicepage.com/Site_249716341/images/331.jpg","size":196456,"hash":"1iNvWhTw0J57kmYMWzMVKltIf0Y=","fileName":"331.jpg","name":"331","width":740,"height":925,"thumbnail":{"url":"np://user.desktop.nicepage.com/Site_249716341/images/thumbnails/331.jpg","width":200,"height":250},"folderId":null,"originalUrl":"https://assets.nicepagecdn.com/d2cc3eaa/3955079/images/33.jpg","usages":[]},{"id":"user-image-t31.jpg","publicUrl":"np://user.desktop.nicepage.com/Site_249716341/images/t31.jpg","size":383077,"hash":"h4BfpqoE6tzMfsog58RPyjPOdAk=","fileName":"t31.jpg","name":"t31","width":740,"height":925,"thumbnail":{"url":"np://user.desktop.nicepage.com/Site_249716341/images/thumbnails/t31.jpg","width":200,"height":250},"folderId":null,"originalUrl":"https://assets.nicepagecdn.com/d2cc3eaa/3955079/images/t3.jpg","usages":[]},{"id":"user-image-521.jpg","publicUrl":"np://user.desktop.nicepage.com/Site_249716341/images/521.jpg","size":302570,"hash":"lAWi1Fb7kPi73pJZM9ZTPf/kOPE=","fileName":"521.jpg","name":"521","width":740,"height":925,"thumbnail":{"url":"np://user.desktop.nicepage.com/Site_249716341/images/thumbnails/521.jpg","width":200,"height":250},"folderId":null,"originalUrl":"https://assets.nicepagecdn.com/d2cc3eaa/3955079/images/52.jpg","usages":[]},{"id":"user-image-741.jpg","publicUrl":"np://user.desktop.nicepage.com/Site_249716341/images/741.jpg","size":416592,"hash":"jrwSQV+ICwf8uTp8qIpdJ0J0aWA=","fileName":"741.jpg","name":"741","width":740,"height":925,"thumbnail":{"url":"np://user.desktop.nicepage.com/Site_249716341/images/thumbnails/741.jpg","width":200,"height":250},"folderId":null,"originalUrl":"https://assets.nicepagecdn.com/d2cc3eaa/3955079/images/74.jpg","usages":[]},{"id":"user-image-cleaningpoint.webflow.io.png","publicUrl":"np://user.desktop.nicepage.com/Site_249716341/images/cleaningpoint.webflow.io.png","size":4047957,"hash":"0zLnW8NP1BWDTdOLi5SIEY+Wu1M=","fileName":"cleaningpoint.webflow.io.png","name":"cleaningpoint.webflow.io","width":2880,"height":4127,"thumbnail":{"url":"np://user.desktop.nicepage.com/Site_249716341/images/thumbnails/cleaningpoint.webflow.io.png","width":174,"height":250},"folderId":null,"usages":["201473703"]},{"id":"user-image-r31.jpg","publicUrl":"np://user.desktop.nicepage.com/Site_249716341/images/r31.jpg","size":173635,"hash":"tn613H2FHFcw5aTSOW/F8CrPzq8=","fileName":"r31.jpg","name":"r31","width":740,"height":925,"thumbnail":{"url":"np://user.desktop.nicepage.com/Site_249716341/images/thumbnails/r31.jpg","width":200,"height":250},"folderId":null,"originalUrl":"https://assets.nicepagecdn.com/d2cc3eaa/3955079/images/r31.jpg","usages":[]},{"id":"user-image-f3.jpg","publicUrl":"np://user.desktop.nicepage.com/Site_249716341/images/f3.jpg","size":454057,"hash":"+rEzf9jYzZt0Nupmn9n0ubYtAJs=","fileName":"f3.jpg","name":"f3","width":740,"height":925,"thumbnail":{"url":"np://user.desktop.nicepage.com/Site_249716341/images/thumbnails/f3.jpg","width":200,"height":250},"folderId":null,"originalUrl":"https://assets.nicepagecdn.com/d2cc3eaa/3955079/images/f3.jpg","usages":[]},{"id":"user-image-33.jpg","publicUrl":"np://user.desktop.nicepage.com/Site_249716341/images/33.jpg","size":196456,"hash":"1iNvWhTw0J57kmYMWzMVKltIf0Y=","fileName":"33.jpg","name":"33","width":740,"height":925,"thumbnail":{"url":"np://user.desktop.nicepage.com/Site_249716341/images/thumbnails/33.jpg","width":200,"height":250},"folderId":null,"originalUrl":"https://assets.nicepagecdn.com/d2cc3eaa/3955079/images/33.jpg","usages":[]},{"id":"user-image-4.jpg","publicUrl":"np://user.desktop.nicepage.com/Site_249716341/images/4.jpg","size":155403,"hash":"nPrbK2JDKuJxL5avfYl1FJUN6Nc=","fileName":"4.jpg","name":"4","width":740,"height":925,"thumbnail":{"url":"np://user.desktop.nicepage.com/Site_249716341/images/thumbnails/4.jpg","width":200,"height":250},"folderId":null,"originalUrl":"https://assets.nicepagecdn.com/d2cc3eaa/3955079/images/4.jpg","usages":[]},{"id":"user-image-74.jpg","publicUrl":"np://user.desktop.nicepage.com/Site_249716341/images/74.jpg","size":416592,"hash":"jrwSQV+ICwf8uTp8qIpdJ0J0aWA=","fileName":"74.jpg","name":"74","width":740,"height":925,"thumbnail":{"url":"np://user.desktop.nicepage.com/Site_249716341/images/thumbnails/74.jpg","width":200,"height":250},"folderId":null,"originalUrl":"https://assets.nicepagecdn.com/d2cc3eaa/3955079/images/74.jpg","usages":[]},{"id":"user-image-t3.jpg","publicUrl":"np://user.desktop.nicepage.com/Site_249716341/images/t3.jpg","size":383077,"hash":"h4BfpqoE6tzMfsog58RPyjPOdAk=","fileName":"t3.jpg","name":"t3","width":740,"height":925,"thumbnail":{"url":"np://user.desktop.nicepage.com/Site_249716341/images/thumbnails/t3.jpg","width":200,"height":250},"folderId":null,"originalUrl":"https://assets.nicepagecdn.com/d2cc3eaa/3955079/images/t3.jpg","usages":[]},{"id":"user-image-52.jpg","publicUrl":"np://user.desktop.nicepage.com/Site_249716341/images/52.jpg","size":302570,"hash":"lAWi1Fb7kPi73pJZM9ZTPf/kOPE=","fileName":"52.jpg","name":"52","width":740,"height":925,"thumbnail":{"url":"np://user.desktop.nicepage.com/Site_249716341/images/thumbnails/52.jpg","width":200,"height":250},"folderId":null,"originalUrl":"https://assets.nicepagecdn.com/d2cc3eaa/3955079/images/52.jpg","usages":[]},{"id":"user-image-3d-character-emerging-from-smartphone.jpg","publicUrl":"np://user.desktop.nicepage.com/Site_249716341/images/3d-character-emerging-from-smartphone.jpg","size":4125238,"hash":"e6bFIAgntqQsftKgmzY/jGysyMQ=","fileName":"3d-character-emerging-from-smartphone.jpg","name":"3d-character-emerging-from-smartphone","width":3073,"height":4610,"thumbnail":{"url":"np://user.desktop.nicepage.com/Site_249716341/images/thumbnails/3d-character-emerging-from-smartphone.jpg","width":167,"height":250},"folderId":null,"usages":[]},{"id":"user-image-20878581.png","publicUrl":"np://user.desktop.nicepage.com/Site_249716341/images/20878581.png","size":1623,"hash":"+HdUJ67nAnKbVTqCB+G9ikskUX4=","fileName":"20878581.png","name":"20878581","width":128,"height":128,"thumbnail":{"url":"np://user.desktop.nicepage.com/Site_249716341/images/thumbnails/20878581.png","width":128,"height":128,"length":1623,"type":"png"},"folderId":null,"originalUrl":"//images01.nicepage.com/c461c07a441a5d220e8feb1a/74ff49e6894b5358b484b254/2087858.png","usages":["201473703"]},{"id":"user-image-2087858.png","publicUrl":"np://user.desktop.nicepage.com/Site_249716341/images/2087858.png","size":1623,"hash":"+HdUJ67nAnKbVTqCB+G9ikskUX4=","fileName":"2087858.png","name":"2087858","width":128,"height":128,"thumbnail":{"url":"np://user.desktop.nicepage.com/Site_249716341/images/thumbnails/2087858.png","width":128,"height":128,"length":1623,"type":"png"},"folderId":null,"originalUrl":"//images01.nicepage.com/c461c07a441a5d220e8feb1a/74ff49e6894b5358b484b254/2087858.png","usages":[]},{"id":"user-image-1828743.png","publicUrl":"np://user.desktop.nicepage.com/Site_249716341/images/1828743.png","size":1116,"hash":"bToIeyupIJCZbBC+UEQFQx3thTw=","fileName":"1828743.png","name":"1828743","width":128,"height":128,"thumbnail":{"url":"np://user.desktop.nicepage.com/Site_249716341/images/thumbnails/1828743.png","width":128,"height":128,"length":1116,"type":"png"},"folderId":null,"originalUrl":"//images01.nicepage.com/a1389d7bc73adea1e1c1fb7e/95fb26f30c9856cf8fdb22fb/1828743.png","usages":["201473703"]},{"id":"user-image-sdag-min.jpg","publicUrl":"np://user.desktop.nicepage.com/Site_249716341/images/sdag-min.jpg","size":184603,"hash":"5CQHNPsIPM56Qwo7p60Rm7SsT/o=","fileName":"sdag-min.jpg","name":"sdag-min","width":1200,"height":736,"thumbnail":{"url":"np://user.desktop.nicepage.com/Site_249716341/images/thumbnails/sdag-min.jpg","width":250,"height":153},"folderId":null,"originalUrl":"//images03.nicepage.com/c461c07a441a5d220e8feb1a/95eb76da981750d49adc2203/sdag-min.jpg","usages":["201473703"]},{"id":"user-image-dgrt-min.jpg","publicUrl":"np://user.desktop.nicepage.com/Site_249716341/images/dgrt-min.jpg","size":67103,"hash":"dYwX7p6quHd+PeXapkvoRmUftl8=","fileName":"dgrt-min.jpg","name":"dgrt-min","width":800,"height":766,"thumbnail":{"url":"np://user.desktop.nicepage.com/Site_249716341/images/thumbnails/dgrt-min.jpg","width":250,"height":239},"folderId":null,"originalUrl":"//images01.nicepage.com/c461c07a441a5d220e8feb1a/63e47b4c0f7858f381525540/dgrt-min.jpg","usages":[]},{"id":"user-image-44720b5f-d674-4089-b6ec-12c44ea13947.jpg","publicUrl":"np://user.desktop.nicepage.com/Site_249716341/images/44720b5f-d674-4089-b6ec-12c44ea13947.jpg","size":115315,"hash":"+TjP0K3BD9w1MFBHH5pM8CY/IOk=","fileName":"44720b5f-d674-4089-b6ec-12c44ea13947.jpg","name":"44720b5f-d674-4089-b6ec-12c44ea13947","width":720,"height":1080,"thumbnail":{"url":"np://user.desktop.nicepage.com/Site_249716341/images/thumbnails/44720b5f-d674-4089-b6ec-12c44ea13947.jpg","width":167,"height":250},"folderId":null,"originalUrl":"//images01.nicepage.com/c461c07a441a5d220e8feb1a/d6c11a21917b552d9ffb48bc/44720b5f-d674-4089-b6ec-12c44ea13947.jpg","usages":[]},{"id":"user-image-44d5d282-18f7-4295-9493-b2865af9bf3d.jpg","publicUrl":"np://user.desktop.nicepage.com/Site_249716341/images/44d5d282-18f7-4295-9493-b2865af9bf3d.jpg","size":83322,"hash":"hawInZ+/BAgt8u2kx61i0UtWaHI=","fileName":"44d5d282-18f7-4295-9493-b2865af9bf3d.jpg","name":"44d5d282-18f7-4295-9493-b2865af9bf3d","width":1000,"height":876,"thumbnail":{"url":"np://user.desktop.nicepage.com/Site_249716341/images/thumbnails/44d5d282-18f7-4295-9493-b2865af9bf3d.jpg","width":250,"height":219},"folderId":null,"originalUrl":"//images01.nicepage.com/c461c07a441a5d220e8feb1a/52d82c5900df5c6e8686dcd1/44d5d282-18f7-4295-9493-b2865af9bf3d.jpg","usages":[]},{"id":"user-image-fdffffff-min.jpg","publicUrl":"np://user.desktop.nicepage.com/Site_249716341/images/fdffffff-min.jpg","size":102133,"hash":"miOzJZcthwlwoA9vwJHb+SQ0iJU=","fileName":"fdffffff-min.jpg","name":"fdffffff-min","width":1100,"height":999,"thumbnail":{"url":"np://user.desktop.nicepage.com/Site_249716341/images/thumbnails/fdffffff-min.jpg","width":250,"height":227},"folderId":null,"originalUrl":"//images01.nicepage.com/c461c07a441a5d220e8feb1a/c9202554165654488a67e8fe/fdffffff-min.jpg","usages":["201473703"]},{"id":"user-image-jtjtjtjuy-min.jpg","publicUrl":"np://user.desktop.nicepage.com/Site_249716341/images/jtjtjtjuy-min.jpg","size":217445,"hash":"8IOy9t7OPmnTQqSlF9CDzQpPioA=","fileName":"jtjtjtjuy-min.jpg","name":"jtjtjtjuy-min","width":1980,"height":1320,"thumbnail":{"url":"np://user.desktop.nicepage.com/Site_249716341/images/thumbnails/jtjtjtjuy-min.jpg","width":250,"height":167},"folderId":null,"originalUrl":"//images03.nicepage.com/c461c07a441a5d220e8feb1a/2623c3b39a2a545eaabf1720/jtjtjtjuy-min.jpg","usages":["201473703"]},{"id":"user-image-ret-min.jpg","publicUrl":"np://user.desktop.nicepage.com/Site_249716341/images/ret-min.jpg","size":259190,"hash":"cyfJFQTyQ+Ep53pUNw2QzVjGpLQ=","fileName":"ret-min.jpg","name":"ret-min","width":1600,"height":1067,"thumbnail":{"url":"np://user.desktop.nicepage.com/Site_249716341/images/thumbnails/ret-min.jpg","width":250,"height":167},"folderId":null,"originalUrl":"//images01.nicepage.com/c461c07a441a5d220e8feb1a/0080ee0b3a475140bf3af64c/ret-min.jpg","usages":["201473703"]},{"id":"user-image-phone-2-min.png","publicUrl":"np://user.desktop.nicepage.com/Site_249716341/images/phone-2-min.png","size":63464,"hash":"3RV6ODkSKpNW7df3jZBOn2+ghsI=","fileName":"phone-2-min.png","name":"phone-2-min","width":406,"height":718,"thumbnail":{"url":"np://user.desktop.nicepage.com/Site_249716341/images/thumbnails/phone-2-min.png","width":141,"height":250},"folderId":null,"originalUrl":"//images01.nicepage.com/c461c07a441a5d220e8feb1a/d0dcf45463e35f0798cb1cc9/phone-2-min.png","usages":["201473703"]},{"id":"user-image-vvv.jpg","publicUrl":"np://user.desktop.nicepage.com/Site_249716341/images/vvv.jpg","size":78695,"hash":"vpHZUHGgd+kDE2ZgJY0WlMie4mk=","fileName":"vvv.jpg","name":"vvv","width":1139,"height":1080,"thumbnail":{"url":"np://user.desktop.nicepage.com/Site_249716341/images/thumbnails/vvv.jpg","width":250,"height":237},"folderId":null,"originalUrl":"//images01.nicepage.com/c461c07a441a5d220e8feb1a/87ada4cdaa5f58a2aaf45448/vvv.jpg","usages":["201473703"]}]
