[{"id":877813583,"title":"Blog Template","order":1,"templateKey":"blog","customTemplate":false,"customTemplateFilename":null,"pageLinks":[],"dateCreated":"2025-01-31T16:31:53.007Z","dateUpdated":"2025-01-31T16:31:54.942Z","folderId":null,"pageName":"Blog Template","serverPageId":null,"sectionCount":1,"status":2,"backwardUrl":null},{"id":20112163,"title":"Post Template","order":2,"templateKey":"post","customTemplate":false,"customTemplateFilename":null,"pageLinks":[],"dateCreated":"2025-01-31T16:31:53.227Z","dateUpdated":"2025-01-31T16:31:54.943Z","folderId":null,"pageName":"Post Template","serverPageId":null,"sectionCount":1,"status":2,"backwardUrl":null},{"id":647900296,"title":"Product List Template","order":3,"templateKey":"products","customTemplate":false,"customTemplateFilename":null,"pageLinks":[],"dateCreated":"2025-01-31T16:31:53.383Z","dateUpdated":"2025-01-31T16:31:54.943Z","folderId":null,"pageName":"Product List Template","serverPageId":null,"sectionCount":1,"status":2,"backwardUrl":null},{"id":87770262,"title":"Product Details Template","order":4,"templateKey":"product","customTemplate":false,"customTemplateFilename":null,"pageLinks":[],"dateCreated":"2025-01-31T16:31:53.583Z","dateUpdated":"2025-01-31T16:31:54.943Z","folderId":null,"pageName":"Product Details Template","serverPageId":null,"sectionCount":1,"status":2,"backwardUrl":null},{"id":257617043,"title":"Shopping Cart Template","order":5,"templateKey":"cart","customTemplate":false,"customTemplateFilename":null,"pageLinks":[],"dateCreated":"2025-01-31T16:31:53.736Z","dateUpdated":"2025-01-31T16:31:54.943Z","folderId":null,"pageName":"Shopping Cart Template","serverPageId":null,"sectionCount":1,"status":2,"backwardUrl":null},{"id":74698436,"title":"Checkout Template","order":6,"templateKey":"checkout","customTemplate":false,"customTemplateFilename":null,"pageLinks":[],"dateCreated":"2025-01-31T16:31:53.957Z","dateUpdated":"2025-01-31T16:31:54.944Z","folderId":null,"pageName":"Checkout Template","serverPageId":null,"sectionCount":1,"status":2,"backwardUrl":null},{"id":240515245,"title":"Login Template","order":7,"templateKey":"login","customTemplate":false,"customTemplateFilename":null,"pageLinks":[],"dateCreated":"2025-01-31T16:31:54.159Z","dateUpdated":"2025-01-31T16:31:54.944Z","folderId":null,"pageName":"Login Template","serverPageId":null,"sectionCount":1,"status":2,"backwardUrl":null},{"id":985730726,"title":"Search Page Template","order":8,"templateKey":"Search","customTemplate":false,"customTemplateFilename":null,"pageLinks":[],"dateCreated":"2025-01-31T16:31:54.338Z","dateUpdated":"2025-01-31T16:31:54.944Z","folderId":null,"pageName":"Search Page Template","serverPageId":null,"sectionCount":1,"status":2,"backwardUrl":null},{"id":184396860,"title":"Page Password Template","order":9,"templateKey":"password","customTemplate":false,"customTemplateFilename":null,"pageLinks":[],"dateCreated":"2025-01-31T16:31:54.438Z","dateUpdated":"2025-01-31T16:31:54.944Z","folderId":null,"pageName":"Page Password Template","serverPageId":null,"sectionCount":1,"status":2,"backwardUrl":null},{"id":2662907078,"title":"404 Not Found Template","order":10,"templateKey":"404","customTemplate":false,"customTemplateFilename":null,"pageLinks":[],"dateCreated":"2025-01-31T16:31:54.512Z","dateUpdated":"2025-01-31T16:31:54.944Z","folderId":null,"pageName":"404 Not Found Template","serverPageId":null,"sectionCount":1,"status":2,"backwardUrl":null},{"id":133716162,"title":"Thank You Page Template","order":11,"templateKey":"ThankYou","customTemplate":false,"customTemplateFilename":null,"pageLinks":[],"dateCreated":"2025-01-31T16:31:54.578Z","dateUpdated":"2025-01-31T16:31:54.944Z","folderId":null,"pageName":"Thank You Page Template","serverPageId":null,"sectionCount":1,"status":2,"backwardUrl":null},{"id":201473703,"title":"Startseite","order":50,"templateKey":null,"customTemplate":false,"customTemplateFilename":null,"pageLinks":[],"dateCreated":"2025-01-31T16:32:46.802Z","dateUpdated":"2025-02-07T11:47:18.218Z","folderId":null,"pageName":"Startseite_201473703","serverPageId":null,"sectionCount":9,"status":2,"backwardUrl":null},{"id":161311943,"title":"Über uns","order":100,"templateKey":null,"customTemplate":false,"customTemplateFilename":null,"pageLinks":[],"dateCreated":"2025-01-31T16:31:54.627Z","dateUpdated":"2025-01-31T16:31:54.945Z","folderId":null,"pageName":"Über uns_161311943","serverPageId":null,"sectionCount":1,"status":2,"backwardUrl":null},{"id":30561788,"title":"Kontakt","order":101,"templateKey":null,"customTemplate":false,"customTemplateFilename":null,"pageLinks":[],"dateCreated":"2025-01-31T16:31:54.667Z","dateUpdated":"2025-01-31T16:31:54.945Z","folderId":null,"pageName":"Kontakt_30561788","serverPageId":null,"sectionCount":1,"status":2,"backwardUrl":null}]
